State,State_Abbr,Census_GEOID,total_population,total_population_moe,median_household_income,median_household_income_moe,per_capita_income,per_capita_income_moe,poverty_universe,poverty_universe_moe,poverty_count,poverty_count_moe,poverty_rate,aggregate_travel_time_minutes,aggregate_travel_time_minutes_moe,workers_with_commute,workers_with_commute_moe,average_commute_time
Alabama,AL,01,5028092,NA,59609,377,33344,211,4890427,1609,768897,10935,15.722492125943194,51658910,345778,2038271,9751,25.344475783642118
Alaska,AK,02,734821,NA,86370,1083,42828,523,717293,533,75227,3390,10.487625001219865,6227605,101906,322786,2425,19.29329338942829
Arizona,AZ,04,7172282,NA,72581,450,38334,204,7017776,1577,916876,13566,13.065050808119267,71059330,410968,2781695,11961,25.545334768908884
Arkansas,AR,05,3018669,NA,56335,422,31868,310,2931377,1030,475729,6881,16.228857632436906,26944420,228478,1216093,6738,22.156545593141313
California,CA,06,39356104,NA,91905,277,45591,149,38643585,4300,4685272,38720,12.124320246167636,463270935,1077551,15852627,22378,29.223606598452104
Colorado,CO,08,5770790,NA,87598,508,47346,253,5653289,1198,540105,10645,9.553819024642115,64239000,353869,2510939,8760,25.58365615413198
Connecticut,CT,09,3611317,NA,90213,730,52034,404,3507563,869,355692,7493,10.140715932971126,41563900,302595,1571527,7905,26.44809793277494
Delaware,DE,10,993635,NA,79325,1227,42180,471,969075,731,107790,3568,11.122978097670458,10713835,153595,414326,3827,25.858466521531355
Florida,FL,12,21634529,NA,67917,259,38850,186,21171700,2589,2725633,29282,12.873944935928622,243090270,907292,8716108,20822,27.8897725911611
Georgia,GA,13,10722325,NA,71355,353,37836,200,10462430,2126,1415573,19488,13.530059460373929,125025400,677251,4396399,15305,28.438137666758635
Hawaii,HI,15,1450589,NA,94814,994,42683,431,1414636,1005,135941,4495,9.609609821890578,17217230,196804,648127,4349,26.564593050436102
Idaho,ID,16,1854109,NA,70214,715,34919,346,1805238,753,198788,5715,11.01173363290602,16459620,158376,769308,4405,21.39535790606623
Illinois,IL,17,12757634,NA,78433,297,43198,199,12478664,2363,1467893,16574,11.763222409065586,154142485,641806,5425313,15614,28.411722051796826
Indiana,IN,18,6784403,NA,67173,383,35578,204,6589135,2136,810702,12590,12.30361800145239,70930795,439123,2958495,10650,23.975296561258343
Iowa,IA,19,3188836,NA,70571,395,37949,241,3088999,950,343141,6097,11.108485305433897,28493995,232811,1450236,6535,19.6478331802548
Kansas,KS,20,2935922,NA,69747,479,38108,364,2848334,928,329870,7570,11.581155861637013,25744330,198234,1307787,6276,19.685415132586577
Kentucky,KY,21,4502935,NA,60183,443,33515,209,4372749,1269,704758,11207,16.11704673650374,43874500,339555,1835303,7988,23.905861865860842
Louisiana,LA,22,4640546,NA,57852,468,32981,265,4513793,1758,842038,13427,18.654776592546447,48590975,384117,1870919,9128,25.971714970022752
Maine,ME,23,1366949,NA,68251,611,39718,394,1329454,587,145491,4297,10.943665595048795,14349275,177381,587492,3670,24.424630463053113
Maryland,MD,24,6161707,NA,98461,511,49865,225,6034320,1972,558567,12491,9.256502803961341,84650040,434310,2646267,10474,31.98847281850244
Massachusetts,MA,25,6984205,NA,96505,551,53513,287,6772292,1548,672361,11769,9.9281159170337,90231105,461562,3068880,9678,29.401965863767888
Michigan,MI,26,10057921,NA,68505,307,37929,155,9845242,1606,1293164,13321,13.13491329111057,101384605,438980,4141683,12295,24.47908374445847
Minnesota,MN,27,5695292,NA,84313,348,44947,204,5574039,1507,516284,8477,9.262296155444911,59047540,291916,2534151,7868,23.300718860083713
Mississippi,MS,28,2958846,NA,52985,527,29209,294,2858819,1158,548804,8778,19.19687815143246,29946515,313109,1177214,7142,25.438463185113328
Missouri,MO,29,6154422,NA,65920,361,36754,192,5979440,1650,766582,11744,12.820297552948102,62486085,394655,2630328,9923,23.756004954515177
Montana,MT,30,1091840,NA,66341,748,37837,460,1066145,564,132329,4021,12.411913951666987,8859095,117055,470973,3019,18.81019718752455
Nebraska,NE,31,1958939,NA,71722,577,38585,300,1908613,865,198466,4850,10.398441171678073,17473485,158097,915345,3738,19.089507234976978
Nevada,NV,32,3104817,NA,71646,495,37945,252,3063729,1385,389456,7392,12.71182927732838,32249110,218985,1305189,6290,24.70838323032143
New Hampshire,NH,33,1379610,NA,90845,966,48250,430,1340074,588,98162,3348,7.325117866625276,17021585,188163,630926,4434,26.978734431613216
New Jersey,NJ,34,9249063,NA,97126,605,50995,277,9081112,1827,879179,13856,9.681402453796407,122290480,588758,3927757,11564,31.134940374366337
New Mexico,NM,35,2112463,NA,58722,581,32667,256,2070966,1038,378651,8012,18.283786406923145,18861435,256101,815212,5140,23.136846611678926
New York,NY,36,19994379,NA,81386,350,47173,209,19516967,2775,2655662,26624,13.60694005374913,275523680,986828,8306205,21191,33.17082590665653
North Carolina,NC,37,10470214,NA,66186,380,37641,188,10186155,2180,1357418,16053,13.326107839513536,107793965,494298,4310113,13191,25.009544993367925
North Dakota,ND,38,776874,NA,73959,1131,40748,450,750776,491,80810,3337,10.763530000959008,6774545,106564,378569,2332,17.895139327308893
Ohio,OH,39,11774683,NA,66990,272,37729,162,11472644,2055,1526507,17011,13.305625102635451,118947335,595911,5031783,12645,23.63920204826003
Oklahoma,OK,40,3970497,NA,61364,451,33630,250,3847702,1040,585991,6900,15.229635767011063,36994465,192185,1658016,4888,22.312489746781697
Oregon,OR,41,4229374,NA,76632,539,41805,256,4149034,1646,494158,9246,11.910194035527306,39780580,282838,1707132,7977,23.302579999671963
Pennsylvania,PA,42,12989208,NA,73170,347,41234,183,12582125,1889,1482439,18052,11.782103579482799,146141400,650543,5466237,17000,26.735284254963698
Rhode Island,RI,44,1094250,NA,81370,1213,43324,529,1051789,589,118033,4599,11.222117744148303,12409750,155612,490538,3963,25.298243968866835
South Carolina,SC,45,5142750,NA,63623,486,36072,266,5002332,1479,717849,11836,14.350287026131012,54759450,395881,2144553,9931,25.534202232353316
South Dakota,SD,46,890342,NA,69457,788,36850,445,860878,590,105542,2944,12.259809171566703,7168230,96996,410805,2850,17.44922773578705
Tennessee,TN,47,6923772,NA,64035,350,36040,208,6759549,2334,943583,13561,13.959259708007147,73963710,458627,2901815,10386,25.48877512866947
Texas,TX,48,29243342,NA,73035,227,37514,130,28615931,3764,3990326,37547,13.944421378427283,325400930,1041657,12242840,23664,26.57887630647791
Utah,UT,49,3283809,NA,86833,674,37023,249,3231630,1188,275188,8043,8.51545504900004,30465050,204486,1389622,5915,21.923264024317405
Vermont,VT,50,643816,NA,74014,1049,41680,571,620877,246,64739,2485,10.427024998510172,6694620,88211,286834,2660,23.33970170900242
Virginia,VA,51,8624511,NA,87249,428,47210,250,8379773,2104,836686,13817,9.984590274700759,102838440,510749,3691483,10143,27.85829976732928
Washington,WA,53,7688549,NA,90325,433,48685,231,7553642,2065,747538,12498,9.89639170085106,86033295,396856,3147532,8664,27.33357278019731
West Virginia,WV,54,1792967,NA,55217,577,31462,341,1736883,1105,291860,7189,16.803664956131186,17717955,203956,673562,4316,26.304861319373718
Wisconsin,WI,55,5882128,NA,72458,372,40130,248,5743164,1235,611661,7049,10.650244360077476,59310420,244265,2673840,6928,22.18173862310385
Wyoming,WY,56,577929,NA,72495,1201,39547,743,564105,349,60134,2378,10.660072149688444,4719470,112092,262653,2397,17.968460287908382
