State,State_Abbr,EV_Count,AFDC_Charging_Station_Count,Level2_Charger_Count,DC_Fast_Charger_Count,Public_Station_Count,Private_Station_Count,total_population,total_population_moe,median_household_income,median_household_income_moe,per_capita_income,per_capita_income_moe,poverty_universe,poverty_universe_moe,poverty_count,poverty_count_moe,poverty_rate,aggregate_travel_time_minutes,aggregate_travel_time_minutes_moe,workers_with_commute,workers_with_commute_moe,average_commute_time,Regular_Gas_Price,Mid_Grade_Gas_Price,Premium_Gas_Price,Diesel_Gas_Price,Gas_Price_Date,Station_Count,Stations_With_Nearest_Neighbor,Average_Nearest_Station_Distance_Miles,Median_Nearest_Station_Distance_Miles,Min_Nearest_Station_Distance_Miles,Max_Nearest_Station_Distance_Miles,EVs_Per_100k_People,Charging_Stations_Per_100k_People,EVs_Per_Charging_Station,DC_Fast_Charger_Share,Public_Station_Share
Alabama,AL,13047,657,1269,903,547,110,5028092,NA,59609,377,33344,211,4890427,1609,768897,10935,15.722492125943194,51658910,345778,2038271,9751,25.34447578364212,4.1,4.539,4.943,5.28,5/7/26,657,657,0.89,0.08,0,23.88,259.48212562538635,13.066586689344586,19.858447488584474,41.574585635359114,83.25722983257229
Alaska,AK,2697,83,120,91,74,9,734821,NA,86370,1083,42828,523,717293,533,75227,3390,10.487625001219865,6227605,101906,322786,2425,19.29329338942829,5.213,5.409,5.665,5.935,5/7/26,83,83,24.29,0.35,0,957.02,367.02816059965625,11.295267827130688,32.493975903614455,43.127962085308056,89.1566265060241
Arizona,AZ,89798,1582,3530,1444,1481,101,7172282,NA,72581,450,38334,204,7017776,1577,916876,13566,13.065050808119269,71059330,410968,2781695,11961,25.545334768908884,4.842,5.209,5.532,5.786,5/7/26,1582,1582,0.59,0.06,0,47.59,1252.0143519175626,22.05713606910604,56.76232616940582,29.030960997185364,93.61567635903918
Arkansas,AR,7108,394,884,263,365,29,3018669,NA,56335,422,31868,310,2931377,1030,475729,6881,16.228857632436906,26944420,228478,1216093,6738,22.156545593141313,4.027,4.481,4.82,5.231,5/7/26,394,394,1.3,0.2,0,42.19,235.46801587057078,13.05211005247677,18.04060913705584,22.929380993897123,92.63959390862944
California,CA,1256646,20628,56691,18271,19414,1214,39356104,NA,91905,277,45591,149,38643585,4300,4685272,38720,12.124320246167636,463270935,1077551,15852627,22378,29.223606598452104,6.165,6.397,6.585,7.493,5/7/26,20628,20628,0.18,0.01,0,46.1,3193.0142272212715,52.41372469185466,60.919429901105296,24.373682665884047,94.11479542369595
Colorado,CO,90083,2949,6598,1595,2768,181,5770790,NA,87598,508,47346,253,5653289,1198,540105,10645,9.553819024642117,64239000,353869,2510939,8760,25.58365615413198,4.403,4.802,5.131,5.495,5/7/26,2949,2949,0.44,0.03,0,37.06,1561.0167758660425,51.10218878177858,30.54696507290607,19.467838398632978,93.86232621227535
Connecticut,CT,31557,1698,4460,804,1546,152,3611317,NA,90213,730,52034,404,3507563,869,355692,7493,10.140715932971126,41563900,302595,1571527,7905,26.44809793277494,4.622,5.104,5.51,5.849,5/7/26,1698,1698,0.3,0.08,0,6.11,873.8363317316092,47.018857663284614,18.584805653710248,15.27355623100304,91.04829210836277
Delaware,DE,8435,254,469,301,232,22,993635,NA,79325,1227,42180,471,969075,731,107790,3568,11.122978097670458,10713835,153595,414326,3827,25.858466521531355,4.354,4.873,5.175,5.561,5/7/26,254,254,0.41,0.06,0,6.68,848.9032693091527,25.562706627685216,33.20866141732284,39.09090909090909,91.33858267716535
Florida,FL,254878,4659,11039,4880,4323,336,21634529,NA,67917,259,38850,186,21171700,2589,2725633,29282,12.873944935928622,243090270,907292,8716108,20822,27.8897725911611,4.519,4.955,5.287,5.377,5/7/26,4659,4659,0.42,0.09,0,24.42,1178.107459607741,21.5350193202727,54.70658939686628,30.655191909039512,92.78815196394076
Georgia,GA,92368,2484,6169,2210,2365,119,10722325,NA,71355,353,37836,200,10462430,2126,1415573,19488,13.530059460373929,125025400,677251,4396399,15305,28.438137666758635,4.097,4.547,4.961,5.196,5/7/26,2484,2484,0.76,0.03,0,836.34,861.4549549654575,23.16661731480812,37.18518518518518,26.37546246568803,95.20933977455717
Hawaii,HI,25565,428,934,183,384,44,1450589,NA,94814,994,42683,431,1414636,1005,135941,4495,9.609609821890578,17217230,196804,648127,4349,26.564593050436105,5.662,5.904,6.158,7.139,5/7/26,428,428,0.5,0.07,0,18.84,1762.3875542969097,29.505256140781434,59.731308411214954,16.38316920322292,89.7196261682243
Idaho,ID,8501,271,476,286,241,30,1854109,NA,70214,715,34919,346,1805238,753,198788,5715,11.01173363290602,16459620,158376,769308,4405,21.39535790606623,4.554,4.813,5.086,5.539,5/7/26,271,271,2.31,0.2,0,84.29,458.4951585909998,14.616184916852246,31.3690036900369,37.53280839895013,88.92988929889299
Illinois,IL,99573,1910,3683,2520,1777,133,12757634,NA,78433,297,43198,199,12478664,2363,1467893,16574,11.763222409065586,154142485,641806,5425313,15614,28.411722051796826,4.997,5.541,6.024,5.992,5/7/26,1910,1910,0.66,0.09,0,34.08,780.4973868979154,14.971428087684597,52.13246073298429,40.62550378848944,93.03664921465969
Indiana,IN,26101,767,1542,951,702,65,6784403,NA,67173,383,35578,204,6589135,2136,810702,12590,12.30361800145239,70930795,439123,2958495,10650,23.975296561258343,4.722,5.268,5.754,5.992,5/7/26,767,767,1.02,0.18,0,20.18,384.7206600197541,11.305342562934424,34.02998696219035,38.146811070998794,91.52542372881356
Iowa,IA,9031,508,769,576,484,24,3188836,NA,70571,395,37949,241,3088999,950,343141,6097,11.108485305433897,28493995,232811,1450236,6535,19.6478331802548,4.248,4.437,5.077,5.415,5/7/26,508,508,2.05,0.15,0,50.03,283.2067876805204,15.930577803311301,17.77755905511811,42.825278810408925,95.2755905511811
Kansas,KS,11271,611,1160,374,571,40,2935922,NA,69747,479,38108,364,2848334,928,329870,7570,11.581155861637011,25744330,198234,1307787,6276,19.685415132586577,4.11,4.432,4.76,5.17,5/7/26,611,611,1.27,0.01,0,64.61,383.8998447506439,20.811179588558552,18.4468085106383,24.380704041720993,93.45335515548281
Kentucky,KY,11617,409,824,422,381,28,4502935,NA,60183,443,33515,209,4372749,1269,704758,11207,16.11704673650374,43874500,339555,1835303,7988,23.90586186586084,4.318,4.867,5.295,5.371,5/7/26,409,409,1.67,0.39,0,30.57,257.987290511633,9.082964777417395,28.403422982885086,33.86837881219904,93.15403422982885
Louisiana,LA,8150,326,589,382,275,51,4640546,NA,57852,468,32981,265,4513793,1758,842038,13427,18.654776592546447,48590975,384117,1870919,9128,25.971714970022752,4.023,4.462,4.845,5.139,5/7/26,326,326,1.75,0.35,0,37.44,175.6258854022781,7.025035416091124,25,39.34088568486097,84.3558282208589
Maine,ME,7377,683,1279,412,656,27,1366949,NA,68251,611,39718,394,1329454,587,145491,4297,10.943665595048795,14349275,177381,587492,3670,24.424630463053113,4.539,5.074,5.542,5.811,5/7/26,683,683,0.75,0.1,0,28.58,539.6690000870552,49.96528765886657,10.800878477306004,24.364281490242462,96.04685212298682
Maryland,MD,72139,1823,4592,1463,1677,146,6161707,NA,98461,511,49865,225,6034320,1972,558567,12491,9.25650280396134,84650040,434310,2646267,10474,31.98847281850244,4.489,5.019,5.351,5.644,5/7/26,1823,1823,0.4,0.11,0,10.93,1170.7632316823892,29.585957268010308,39.571585298957764,24.161849710982658,91.99122325836534
Massachusetts,MA,73768,4505,9991,1853,4253,252,6984205,NA,96505,551,53513,287,6772292,1548,672361,11769,9.9281159170337,90231105,461562,3068880,9678,29.401965863767888,4.461,4.989,5.38,5.825,5/7/26,4505,4505,0.16,0.01,0,6.45,1056.2118379973097,64.5026885665584,16.37469478357381,15.645052347180007,94.40621531631521
Michigan,MI,50284,2122,4314,1625,2010,112,10057921,NA,68505,307,37929,155,9845242,1606,1293164,13321,13.13491329111057,101384605,438980,4141683,12295,24.47908374445847,4.781,5.384,5.939,5.982,5/7/26,2122,2122,1.14,0.1,0,955.5,499.9442727776446,21.097799435887396,23.69651272384543,27.361508671493517,94.7219604147031
Minnesota,MN,37050,1174,2294,1000,1129,45,5695292,NA,84313,348,44947,204,5574039,1507,516284,8477,9.262296155444911,59047540,291916,2534151,7868,23.300718860083713,4.215,4.623,5.119,5.441,5/7/26,1174,1174,1.11,0.14,0,57.1,650.5373210012762,20.613517270053933,31.5587734241908,30.358227079538555,96.16695059625214
Mississippi,MS,3590,249,451,334,221,28,2958846,NA,52985,527,29209,294,2858819,1158,548804,8778,19.19687815143246,29946515,313109,1177214,7142,25.438463185113328,4.005,4.423,4.81,5.114,5/7/26,249,249,1.58,0.33,0,32.27,121.33108651143047,8.415443047728743,14.417670682730924,42.547770700636946,88.75502008032129
Missouri,MO,26861,1394,2572,843,1325,69,6154422,NA,65920,361,36754,192,5979440,1650,766582,11744,12.820297552948102,62486085,394655,2630328,9923,23.756004954515177,4.162,4.548,4.861,5.285,5/7/26,1394,1394,0.62,0.01,0,38.23,436.4504091529635,22.65038049064559,19.269010043041607,24.685212298682284,95.05021520803443
Montana,MT,4608,164,227,255,159,5,1091840,NA,66341,748,37837,460,1066145,564,132329,4021,12.411913951666987,8859095,117055,470973,3019,18.81019718752455,4.469,4.796,5.138,5.481,5/7/26,164,164,5.81,0.43,0,79.63,422.0398593200469,15.020515826494725,28.097560975609756,52.904564315352694,96.95121951219512
Nebraska,NE,6920,331,515,240,321,10,1958939,NA,71722,577,38585,300,1908613,865,198466,4850,10.398441171678073,17473485,158097,915345,3738,19.089507234976978,4.086,4.266,4.737,5.179,5/7/26,331,331,1.37,0.1,0,38.52,353.25244941266675,16.896901843293744,20.906344410876134,31.788079470198674,96.97885196374622
Nevada,NV,47361,687,1853,1174,649,38,3104817,NA,71646,495,37945,252,3063729,1385,389456,7392,12.71182927732838,32249110,218985,1305189,6290,24.70838323032143,5.239,5.537,5.841,6.172,5/7/26,687,687,1.01,0.07,0,70.96,1525.4039126943715,22.126907962691522,68.93886462882097,38.78427485959696,94.46870451237264
New Hampshire,NH,9861,335,525,332,299,36,1379610,NA,90845,966,48250,430,1340074,588,98162,3348,7.325117866625276,17021585,188163,630926,4434,26.978734431613216,4.494,4.993,5.449,5.773,5/7/26,335,335,0.85,0.12,0,12.9,714.7672168221454,24.282224686686817,29.435820895522387,38.739789964994166,89.25373134328358
New Jersey,NJ,134753,1934,4673,2075,1828,106,9249063,NA,97126,605,50995,277,9081112,1827,879179,13856,9.681402453796409,122290480,588758,3927757,11564,31.134940374366337,4.551,5.035,5.309,5.667,5/7/26,1934,1934,0.35,0.06,0,8.2,1456.9367729466217,20.91022625751387,69.67580144777664,30.749851807943095,94.51913133402275
New Mexico,NM,10276,509,757,577,461,48,2112463,NA,58722,581,32667,256,2070966,1038,378651,8012,18.283786406923145,18861435,256101,815212,5140,23.136846611678926,4.167,4.574,4.88,5.432,5/7/26,509,509,1.91,0.08,0,44.68,486.44638983025976,24.095096576839452,20.18860510805501,43.25337331334333,90.56974459724951
New York,NY,131250,5512,17845,3178,5244,268,19994379,NA,81386,350,47173,209,19516967,2775,2655662,26624,13.60694005374913,275523680,986828,8306205,21191,33.17082590665653,4.573,5.053,5.452,5.95,5/7/26,5512,5512,0.39,0.07,0,22.85,656.4344909136713,27.567747915551667,23.81168359941945,15.116776863435286,95.13788098693759
North Carolina,NC,70164,2021,4425,1805,1912,109,10470214,NA,66186,380,37641,188,10186155,2180,1357418,16053,13.326107839513536,107793965,494298,4310113,13191,25.009544993367925,4.219,4.655,5.052,5.499,5/7/26,2021,2021,0.76,0.12,0,166.83,670.1295694624771,19.302375290514597,34.717466600692724,28.97271268057785,94.6066303809995
North Dakota,ND,959,113,136,147,109,4,776874,NA,73959,1131,40748,450,750776,491,80810,3337,10.763530000959008,6774545,106564,378569,2332,17.895139327308893,4.166,4.521,4.929,5.227,5/7/26,113,113,2.04,0.2,0,40.83,123.44344127876593,14.545473268509436,8.486725663716815,51.9434628975265,96.46017699115045
Ohio,OH,50393,2064,4232,1496,1920,144,11774683,NA,66990,272,37729,162,11472644,2055,1526507,17011,13.305625102635451,118947335,595911,5031783,12645,23.63920204826003,4.782,5.313,5.823,5.933,5/7/26,2064,2064,0.66,0.09,0,23.56,427.9775514975647,17.529134329985784,24.415213178294575,26.11731843575419,93.02325581395348
Oklahoma,OK,22843,437,912,989,393,44,3970497,NA,61364,451,33630,250,3847702,1040,585991,6900,15.229635767011064,36994465,192185,1658016,4888,22.312489746781697,3.988,4.408,4.699,5.038,5/7/26,437,437,2.15,0.3,0,42.35,575.3184047236404,11.006178823457114,52.27231121281464,52.02524986849027,89.93135011441647
Oregon,OR,64361,1743,3243,1272,1641,102,4229374,NA,76632,539,41805,256,4149034,1646,494158,9246,11.910194035527306,39780580,282838,1707132,7977,23.302579999671963,5.346,5.551,5.832,6.243,5/7/26,1743,1743,0.69,0.07,0,49.85,1521.7618493895313,41.21177271151712,36.925415949512335,28.172757475083056,94.14802065404476
Pennsylvania,PA,70154,2127,4161,1881,2009,118,12989208,NA,73170,347,41234,183,12582125,1889,1482439,18052,11.7821035794828,146141400,650543,5466237,17000,26.735284254963695,4.695,5.087,5.475,5.985,5/7/26,2127,2127,0.67,0.06,0,22.99,540.0945153853876,16.375132340632316,32.9826046074283,31.132075471698112,94.45228020686413
Rhode Island,RI,6396,365,791,127,334,31,1094250,NA,81370,1213,43324,529,1051789,589,118033,4599,11.222117744148305,12409750,155612,490538,3963,25.298243968866835,4.492,5.13,5.54,5.672,5/7/26,365,365,7.17,0.01,0,2517.52,584.5099383139136,33.35618003198538,17.523287671232875,13.83442265795207,91.5068493150685
South Carolina,SC,20873,744,1354,961,671,73,5142750,NA,63623,486,36072,266,5002332,1479,717849,11836,14.350287026131012,54759450,395881,2144553,9931,25.534202232353316,4.205,4.64,5.028,5.387,5/7/26,744,744,1.06,0.19,0,16.59,405.87234456273393,14.466968061834622,28.05510752688172,41.511879049676025,90.18817204301075
South Dakota,SD,1675,121,185,160,119,2,890342,NA,69457,788,36850,445,860878,590,105542,2944,12.259809171566705,7168230,96996,410805,2850,17.44922773578705,4.256,4.416,4.868,5.238,5/7/26,121,121,2.49,0.27,0,53.23,188.12995455678828,13.590283284400826,13.84297520661157,46.3768115942029,98.34710743801652
Tennessee,TN,33221,1228,2380,1004,1108,120,6923772,NA,64035,350,36040,208,6759549,2334,943583,13561,13.959259708007147,73963710,458627,2901815,10386,25.48877512866947,4.211,4.661,5.051,5.243,5/7/26,1228,1228,0.84,0.05,0,22.68,479.81071589301325,17.735997083670576,27.052931596091206,29.66903073286052,90.22801302931596
Texas,TX,230125,3994,8317,4911,3742,252,29243342,NA,73035,227,37514,130,28615931,3764,3990326,37547,13.944421378427284,325400930,1041657,12242840,23664,26.57887630647791,4.095,4.569,4.941,5.15,5/7/26,3994,3994,0.83,0.13,0,60.79,786.9312611397152,13.657809699041922,57.61767651477216,37.12579377078924,93.69053580370556
Utah,UT,39998,1051,2330,837,993,58,3283809,NA,86833,674,37023,249,3231630,1188,275188,8043,8.51545504900004,30465050,204486,1389622,5915,21.923264024317405,4.501,4.777,5.027,5.486,5/7/26,1051,1051,0.48,0.02,0,49.45,1218.0367372158369,32.00551554612342,38.05708848715509,26.428796968740134,94.48144624167459
Vermont,VT,7816,560,1175,295,538,22,643816,NA,74014,1049,41680,571,620877,246,64739,2485,10.427024998510172,6694620,88211,286834,2660,23.33970170900242,4.527,5.05,5.441,5.826,5/7/26,560,560,0.63,0.08,0,15.44,1214.011456689489,86.98137356014762,13.957142857142857,20.068027210884352,96.07142857142857
Virginia,VA,84936,2024,4497,1749,1842,182,8624511,NA,87249,428,47210,250,8379773,2104,836686,13817,9.98459027470076,102838440,510749,3691483,10143,27.85829976732928,4.326,4.777,5.15,5.62,5/7/26,2024,2024,0.55,0.06,0,27.02,984.8210524631484,23.46799720007314,41.96442687747036,28.001921229586937,91.00790513833992
Washington,WA,152101,3237,7128,2110,3015,222,7688549,NA,90325,433,48685,231,7553642,2065,747538,12498,9.89639170085106,86033295,396856,3147532,8664,27.33357278019731,5.763,6.002,6.26,6.845,5/7/26,3237,3237,0.38,0.01,0,28.04,1978.279646783808,42.10157209117091,46.98826073524869,22.840441654037672,93.14179796107507
West Virginia,WV,2758,210,377,217,187,23,1792967,NA,55217,577,31462,341,1736883,1105,291860,7189,16.803664956131186,17717955,203956,673562,4316,26.30486131937372,4.43,4.858,5.32,5.665,5/7/26,210,210,1.79,0.27,0,21.33,153.8232438187652,11.71242973239329,13.133333333333333,36.53198653198653,89.04761904761905
Wisconsin,WI,24943,920,1547,870,881,39,5882128,NA,72458,372,40130,248,5743164,1235,611661,7049,10.650244360077476,59310420,244265,2673840,6928,22.18173862310385,4.404,4.914,5.496,5.679,5/7/26,920,920,1.28,0.12,0,27.18,424.04721556552323,15.640598096471209,27.11195652173913,35.995035167563096,95.76086956521739
Wyoming,WY,1139,131,177,175,119,12,577929,NA,72495,1201,39547,743,564105,349,60134,2378,10.660072149688444,4719470,112092,262653,2397,17.968460287908382,4.402,4.696,4.984,5.463,5/7/26,131,131,3.2,0.35,0,47.45,197.08303269086687,22.6671442339803,8.694656488549619,49.71590909090909,90.83969465648855
