State,State_Abbr,EV_Count,Population,Median_Household_Income,Per_Capita_Income,Pct_Bachelors_or_Higher,Unemployment_Rate,Poverty_Rate,Average_Commute_Time,AFDC_Charging_Station_Count,Official_Charger_Count,Level2_Charger_Count,DC_Fast_Charger_Count,Public_Station_Count,Private_Station_Count,PlugShare_Station_Count,EVs_Per_10000_Residents,Chargers_Per_1000_EVs,PlugShare_Per_10000_Residents,AFDC_vs_PlugShare_Gap,EV_Adoption_Score,Official_Charging_Infrastructure_Score,Consumer_Facing_Charging_Visibility_Score,Median_Income_Score,Population_Score,Poverty_Rate_Score,Economic_Readiness_Score,EV_Opportunity_Score,Opportunity_Rank,Opportunity_Category,EV_Data_Available,AFDC_Data_Available,Census_Data_Available,PlugShare_Data_Available,PlugShare_Source,PlugShare_Scrape_Date
California,CA,1256646,39356104,91905,45591,35.86440155903851,6.406478200694359,12.124320246167636,29.22,20578,74869,56618,18251,19364,1214,60319,319.3,59.58,15.33,-39741,100,6,67.43,85.58,100,59.57,82.11,67.14,1,High,TRUE,TRUE,TRUE,TRUE,PlugShare U.S. Directory,2026-05-04
Vermont,VT,7816,643816,74014,41680,41.724669032509645,3.8400009125206385,10.427024998510172,23.34,561,1461,1177,284,539,22,1378,121.4,186.92,21.4,-817,35.57,53.99,100,46.24,0.17,73.87,40.71,51.12,2,High,TRUE,TRUE,TRUE,TRUE,PlugShare U.S. Directory,2026-05-04
Massachusetts,MA,73768,6984205,96505,53513,45.909850224619376,5.316726707342516,9.9281159170337,29.4,4493,11769,9994,1775,4241,252,8351,105.62,159.54,11.96,-3858,30.44,43.67,49.36,95.7,16.52,78.07,66.66,45.64,3,High,TRUE,TRUE,TRUE,TRUE,PlugShare U.S. Directory,2026-05-04
Washington,WA,152101,7688549,90325,48685,37.952568336177755,4.988725236352218,9.89639170085106,27.33,3233,9225,7110,2115,3011,222,8330,197.83,60.65,10.83,-5097,60.45,6.4,43.35,82.11,18.34,78.34,61.85,44.72,4,High,TRUE,TRUE,TRUE,TRUE,PlugShare U.S. Directory,2026-05-04
Connecticut,CT,31557,3611317,90213,52034,41.38488331039079,5.9073463152895265,10.140715932971126,26.45,1691,5225,4448,777,1539,152,4698,87.38,165.57,13.01,-3007,24.5,45.94,55,81.86,7.82,76.28,57.98,42.8,5,High,TRUE,TRUE,TRUE,TRUE,PlugShare U.S. Directory,2026-05-04
Colorado,CO,90083,5770790,87598,47346,43.73070433568681,4.533105861352668,9.553819024642117,25.58,2931,8156,6576,1580,2750,181,6512,156.1,90.54,11.28,-3581,46.87,17.67,45.76,76.11,13.39,81.23,58.83,42.39,6,High,TRUE,TRUE,TRUE,TRUE,PlugShare U.S. Directory,2026-05-04
Wyoming,WY,1139,577929,72495,39547,28.98938749674581,3.8269456257036056,10.660072149688444,17.97,131,352,178,174,119,12,521,19.71,309.04,9.01,-390,2.47,100,33.59,42.9,0,71.91,38.73,40.59,7,High,TRUE,TRUE,TRUE,TRUE,PlugShare U.S. Directory,2026-05-04
Maryland,MD,72139,6161707,98461,49865,42.223142911132264,5.11956509224095,9.25650280396134,31.99,1821,6042,4589,1453,1675,146,5903,117.08,83.75,9.58,-4082,34.16,15.11,36.62,100,14.4,83.73,69.44,38.59,8,High,TRUE,TRUE,TRUE,TRUE,PlugShare U.S. Directory,2026-05-04
Maine,ME,7377,1366949,68251,39718,34.12279402481806,4.038857964534665,10.943665595048795,24.42,675,1653,1275,378,648,27,1658,53.97,224.07,12.13,-983,13.62,67.98,50.29,33.57,2.03,69.52,34.89,38.03,9,High,TRUE,TRUE,TRUE,TRUE,PlugShare U.S. Directory,2026-05-04
Hawaii,HI,25565,1450589,94814,42683,34.71617919882957,5.051168521373196,9.609609821890578,26.56,428,1116,935,181,384,44,1027,176.24,43.65,7.08,-599,53.43,0,23.22,91.98,2.25,80.76,61.69,37.61,10,High,TRUE,TRUE,TRUE,TRUE,PlugShare U.S. Directory,2026-05-04
North Dakota,ND,959,776874,73959,40748,31.42560285705256,2.9237606214460277,10.763530000959008,17.9,113,283,136,147,109,4,584,12.34,295.1,7.52,-471,0.07,94.75,25.57,46.12,0.51,71.04,39.91,37.52,11,High,TRUE,TRUE,TRUE,TRUE,PlugShare U.S. Directory,2026-05-04
Utah,UT,39998,3283809,86833,37023,36.130931941575135,3.352084411687373,8.51545504900004,21.92,1046,3146,2325,821,988,58,3604,121.8,78.65,10.98,-2558,35.7,13.19,44.1,74.43,6.98,89.97,58.86,37.12,12,High,TRUE,TRUE,TRUE,TRUE,PlugShare U.S. Directory,2026-05-04
New York,NY,131250,19994379,81386,47173,38.79253659727761,6.225910474590347,13.60694005374913,33.17,5509,21021,17853,3168,5241,268,20955,65.64,160.16,10.48,-15446,17.42,43.9,41.45,62.45,50.07,47.09,54.13,36.82,13,High,TRUE,TRUE,TRUE,TRUE,PlugShare U.S. Directory,2026-05-04
New Jersey,NJ,134753,9249063,97126,50995,42.25247755446824,6.24745164234484,9.681402453796409,31.13,1926,6719,4645,2074,1820,106,6587,145.69,49.86,7.12,-4661,43.48,2.34,23.45,97.06,22.36,80.15,69.58,36.72,14,High,TRUE,TRUE,TRUE,TRUE,PlugShare U.S. Directory,2026-05-04
Oregon,OR,64361,4229374,76632,41805,35.48265877451072,5.5304157626039965,11.910194035527306,23.3,1734,4489,3228,1261,1632,102,4488,152.18,69.75,10.61,-2754,45.59,9.83,42.15,52,9.42,61.38,42.04,35.25,15,High,TRUE,TRUE,TRUE,TRUE,PlugShare U.S. Directory,2026-05-04
Nevada,NV,47361,3104817,71646,37945,26.549382753295795,7.01720446995714,12.71182927732838,24.71,685,3024,1851,1173,647,38,2777,152.54,63.85,8.94,-2092,45.71,7.61,33.22,41.03,6.52,54.63,34.76,31.57,16,High,TRUE,TRUE,TRUE,TRUE,PlugShare U.S. Directory,2026-05-04
Virginia,VA,84936,8624511,87249,47210,40.96576834953444,4.434376734631586,9.98459027470076,27.86,2014,6203,4496,1707,1832,182,5726,98.48,73.03,6.64,-3712,28.11,11.07,20.86,75.35,20.75,77.6,59.64,30.65,17,High,TRUE,TRUE,TRUE,TRUE,PlugShare U.S. Directory,2026-05-04
New Hampshire,NH,9861,1379610,90845,48250,39.04816048079266,3.5691697444346406,7.325117866625276,26.98,334,848,527,321,298,36,907,71.48,86,6.57,-573,19.32,15.95,20.51,83.25,2.07,100,63.92,29.81,18,Medium,TRUE,TRUE,TRUE,TRUE,PlugShare U.S. Directory,2026-05-04
Delaware,DE,8435,993635,79325,42180,34.461651369859105,5.4437291986368255,11.122978097670458,25.86,253,768,467,301,231,22,868,84.89,91.05,8.74,-615,23.69,17.86,32.1,57.92,1.07,68.01,43.89,28.54,19,Medium,TRUE,TRUE,TRUE,TRUE,PlugShare U.S. Directory,2026-05-04
South Dakota,SD,1675,890342,69457,36850,30.367563290870596,3.1090296887551916,12.259809171566705,17.45,120,344,185,159,118,2,731,18.81,205.37,8.21,-611,2.17,60.94,29.28,36.22,0.81,58.43,32.26,28.45,20,Medium,TRUE,TRUE,TRUE,TRUE,PlugShare U.S. Directory,2026-05-04
Rhode Island,RI,6396,1094250,81370,43324,36.2804103287505,5.880374403315949,11.222117744148305,25.3,364,917,791,126,333,31,607,58.45,143.37,5.55,-243,15.08,37.57,15.01,62.42,1.33,67.17,45.52,28.3,21,Medium,TRUE,TRUE,TRUE,TRUE,PlugShare U.S. Directory,2026-05-04
Minnesota,MN,37050,5695292,84313,44947,38.19541233824559,3.967585166204092,9.262296155444911,23.3,1171,3291,2294,997,1126,45,4199,65.05,88.83,7.37,-3028,17.23,17.02,24.79,68.89,13.2,83.68,56.62,28.16,22,Medium,TRUE,TRUE,TRUE,TRUE,PlugShare U.S. Directory,2026-05-04
Florida,FL,254878,21634529,67917,38850,32.33321867666608,5.038977766657859,12.873944935928622,27.89,4637,15829,10993,4836,4301,336,13654,117.81,62.1,6.31,-9017,34.4,6.95,19.1,32.83,54.3,53.26,45.4,28,23,Medium,TRUE,TRUE,TRUE,TRUE,PlugShare U.S. Directory,2026-05-04
Michigan,MI,50284,10057921,68505,37929,31.135980297585668,6.026933481676181,13.13491329111057,24.48,2119,5935,4326,1609,2007,112,10451,49.99,118.03,10.39,-8332,12.33,28.03,40.97,34.13,24.45,51.06,36.3,26.54,24,Medium,TRUE,TRUE,TRUE,TRUE,PlugShare U.S. Directory,2026-05-04
Arizona,AZ,89798,7172282,72581,38334,31.79887348920128,5.366159376588977,13.065050808119269,25.55,1581,4973,3530,1443,1480,101,4707,125.2,55.38,6.56,-3126,36.81,4.42,20.45,43.09,17.01,51.65,37.83,26.51,25,Medium,TRUE,TRUE,TRUE,TRUE,PlugShare U.S. Directory,2026-05-04
Georgia,GA,92368,10722325,71355,37836,33.63367520555638,5.245745428703817,13.530059460373929,28.44,2484,8311,6165,2146,2365,119,7694,86.15,89.98,7.18,-5210,24.1,17.45,23.74,40.39,26.16,47.73,38.33,25.94,26,Medium,TRUE,TRUE,TRUE,TRUE,PlugShare U.S. Directory,2026-05-04
Illinois,IL,99573,12757634,78433,43198,36.67159211270079,5.955906641825619,11.763222409065586,28.41,1872,6125,3613,2512,1739,133,7841,78.05,61.51,6.15,-5969,21.46,6.73,18.22,55.96,31.41,62.62,50.59,24.57,27,Medium,TRUE,TRUE,TRUE,TRUE,PlugShare U.S. Directory,2026-05-04
Texas,TX,230125,29243342,73035,37514,32.26589698200217,5.220116892750408,13.944421378427284,26.58,3989,13106,8318,4788,3737,252,15011,78.69,56.95,5.13,-11022,21.67,5.01,12.79,44.09,73.92,44.24,53.09,24.03,28,Medium,TRUE,TRUE,TRUE,TRUE,PlugShare U.S. Directory,2026-05-04
Iowa,IA,9031,3188836,70571,37949,30.28004853599049,3.823290068310395,11.108485305433897,19.65,509,1345,773,572,485,24,1768,28.32,148.93,5.54,-1259,5.27,39.67,14.99,38.67,6.73,68.13,37.93,23.49,29,Medium,TRUE,TRUE,TRUE,TRUE,PlugShare U.S. Directory,2026-05-04
Kansas,KS,11271,2935922,69747,38108,34.68767518634637,4.006327031409191,11.581155861637011,19.69,612,1540,1162,378,572,40,1688,38.39,136.63,5.75,-1076,8.55,35.04,16.09,36.86,6.08,64.15,35.81,23.12,30,Medium,TRUE,TRUE,TRUE,TRUE,PlugShare U.S. Directory,2026-05-04
Montana,MT,4608,1091840,66341,37837,33.978765497230285,3.8929935113775818,12.411913951666987,18.81,164,482,227,255,159,5,1106,42.2,104.6,10.13,-942,9.79,22.97,39.57,29.37,1.33,57.15,29.29,22.43,31,Medium,TRUE,TRUE,TRUE,TRUE,PlugShare U.S. Directory,2026-05-04
Pennsylvania,PA,70154,12989208,73170,41234,33.75646343268351,5.369599774875239,11.7821035794828,26.74,2113,6011,4138,1873,1995,118,6136,54.01,85.68,4.72,-4023,13.63,15.84,10.59,44.39,32.01,62.46,46.09,21.84,32,Medium,TRUE,TRUE,TRUE,TRUE,PlugShare U.S. Directory,2026-05-04
Wisconsin,WI,24943,5882128,72458,40130,32.02389131364427,3.3617020732084955,10.650244360077476,22.18,921,2420,1552,868,882,39,3438,42.4,97.02,5.84,-2517,9.86,20.11,16.6,42.82,13.68,71.99,42.83,21.67,33,Medium,TRUE,TRUE,TRUE,TRUE,PlugShare U.S. Directory,2026-05-04
North Carolina,NC,70164,10470214,66186,37641,33.86575669760874,5.075744756954977,13.326107839513536,25.01,2013,6207,4420,1787,1904,109,6248,67.01,88.46,5.97,-4235,17.87,16.88,17.26,29.03,25.51,49.45,34.1,21.59,34,Medium,TRUE,TRUE,TRUE,TRUE,PlugShare U.S. Directory,2026-05-04
Nebraska,NE,6920,1958939,71722,38585,33.463338229621634,3.0689636414131147,10.398441171678073,19.09,332,756,516,240,322,10,1213,35.33,109.25,6.19,-881,7.55,24.72,18.46,41.2,3.56,74.11,39.78,21.54,35,Low,TRUE,TRUE,TRUE,TRUE,PlugShare U.S. Directory,2026-05-04
West Virginia,WV,2758,1792967,55217,31462,22.71116112963212,6.0612595139814855,16.803664956131186,26.3,207,582,369,213,184,23,1158,15.38,211.02,6.46,-951,1.06,63.07,19.89,4.91,3.13,20.16,8.95,21.36,36,Low,TRUE,TRUE,TRUE,TRUE,PlugShare U.S. Directory,2026-05-04
Missouri,MO,26861,6154422,65920,36754,31.19323646992731,4.296559338782588,12.820297552948102,23.76,1381,3385,2564,821,1312,69,3208,43.65,126.02,5.21,-1827,10.26,31.04,13.21,28.44,14.38,53.71,31.81,21.28,37,Low,TRUE,TRUE,TRUE,TRUE,PlugShare U.S. Directory,2026-05-04
Ohio,OH,50393,11774683,66990,37729,30.370645802810277,5.013970845036947,13.305625102635451,23.64,2064,5721,4235,1486,1920,144,5537,42.8,113.53,4.7,-3473,9.98,26.33,10.48,30.8,28.87,49.62,35.87,20.62,38,Low,TRUE,TRUE,TRUE,TRUE,PlugShare U.S. Directory,2026-05-04
Alaska,AK,2697,734821,86370,42828,30.74828503862136,6.35979867309779,10.487625001219865,19.29,84,217,120,97,75,9,323,36.7,80.46,4.4,-239,8,13.87,8.83,73.41,0.4,73.36,51.49,20.47,39,Low,TRUE,TRUE,TRUE,TRUE,PlugShare U.S. Directory,2026-05-04
Idaho,ID,8501,1854109,70214,34919,30.20904135623643,3.763041018403137,11.01173363290602,21.4,271,762,476,286,241,30,1091,45.85,89.64,5.88,-820,10.98,17.33,16.81,37.89,3.29,68.95,36.83,19.9,40,Low,TRUE,TRUE,TRUE,TRUE,PlugShare U.S. Directory,2026-05-04
Alabama,AL,13047,5028092,59609,33344,27.208387292476058,5.152174360946664,15.722492125943194,25.34,661,2170,1266,904,551,110,2307,25.95,166.32,4.59,-1646,4.5,46.22,9.87,14.57,11.48,29.27,18.05,19.12,41,Low,TRUE,TRUE,TRUE,TRUE,PlugShare U.S. Directory,2026-05-04
New Mexico,NM,10276,2112463,58722,32667,29.074668667724847,6.2305713339087285,18.283786406923145,23.14,508,1330,756,574,460,48,1744,48.64,129.43,8.26,-1236,11.89,32.32,29.53,12.62,3.96,7.69,8.54,18.8,42,Low,TRUE,TRUE,TRUE,TRUE,PlugShare U.S. Directory,2026-05-04
Tennessee,TN,33221,6923772,64035,36040,29.706987941274868,5.0375053376063335,13.959259708007147,25.49,1235,3374,2388,986,1115,120,3651,47.98,101.56,5.27,-2416,11.67,21.82,13.54,24.3,16.36,44.12,27.86,18.54,43,Low,TRUE,TRUE,TRUE,TRUE,PlugShare U.S. Directory,2026-05-04
Indiana,IN,26101,6784403,67173,35578,28.235267120629302,4.492525533836474,12.30361800145239,23.98,766,2484,1550,934,701,65,2957,38.47,95.17,4.36,-2191,8.57,19.41,8.64,31.2,16.01,58.06,34.7,17.82,44,Low,TRUE,TRUE,TRUE,TRUE,PlugShare U.S. Directory,2026-05-04
South Carolina,SC,20873,5142750,63623,36072,30.640913106358813,5.16988177228665,14.350287026131012,25.53,746,2305,1355,950,673,73,2561,40.59,110.43,4.98,-1815,9.26,25.16,11.97,23.39,11.77,40.82,25.14,17.61,45,Low,TRUE,TRUE,TRUE,TRUE,PlugShare U.S. Directory,2026-05-04
Arkansas,AR,7108,3018669,56335,31868,24.70555115616481,5.147137052830742,16.228857632436906,22.16,395,1148,886,262,366,29,1471,23.55,161.51,4.87,-1076,3.72,44.41,11.39,7.37,6.29,25,12.34,17.2,46,Low,TRUE,TRUE,TRUE,TRUE,PlugShare U.S. Directory,2026-05-04
Mississippi,MS,3590,2958846,52985,29209,23.881814052782016,6.423147033353136,19.19687815143246,25.44,248,782,453,329,220,28,879,12.13,217.83,2.97,-631,0,65.63,1.2,0,6.14,-0,1.84,17.05,47,Low,TRUE,TRUE,TRUE,TRUE,PlugShare U.S. Directory,2026-05-04
Oklahoma,OK,22843,3970497,61364,33630,27.2668071835271,4.8730324978043456,15.229635767011064,22.31,435,1906,911,995,391,44,1857,57.53,83.44,4.68,-1422,14.78,14.99,10.34,18.43,8.75,33.42,20.02,15.48,48,Low,TRUE,TRUE,TRUE,TRUE,PlugShare U.S. Directory,2026-05-04
Kentucky,KY,11617,4502935,60183,33515,26.47245337547508,5.087176199674407,16.11704673650374,23.91,417,1261,829,432,389,28,1803,25.8,108.55,4,-1386,4.45,24.45,6.74,15.83,10.12,25.94,17.15,12.97,49,Low,TRUE,TRUE,TRUE,TRUE,PlugShare U.S. Directory,2026-05-04
Louisiana,LA,8150,4640546,57852,32981,26.130434141818423,6.576651646684492,18.654776592546447,25.97,321,962,587,375,270,51,1275,17.56,118.04,2.75,-954,1.77,28.03,0,10.7,10.48,4.57,8.79,9.82,50,Low,TRUE,TRUE,TRUE,TRUE,PlugShare U.S. Directory,2026-05-04
